Product Name,Product Desc,PI File,C1 Desc,C1 MSDS,C2 Desc,C2 MSDS,C3 Desc,C3 MSDS,C4 Desc,C4 MSDS,Manufacturer,Mil-spec
,,,,,,,,,,,,
Mil-DTL-53039E Type IV and/or Type IX (formerly Type I) available in the following colors:,,,,,,,,,,,,
FS 31136,Type IV,docs\Hentzen\PI\04909RUA-ULVOC.pdf,04909RUA-ULVOC,docs\Hentzen\SDS\04909RUA-ULVOC.pdf,,,,,,,Hentzen,53039
FS 33303 (Sand) ,Type IV,docs\Hentzen\PI\8618tuz-ulvoc - tb.doc,8618tuz-ulvoc,docs\Hentzen\SDS\08618TUZ-ULVOC.pdf,,,,,,,Hentzen,53039
FS 33446 (686A Tan),Type IV,docs\Hentzen\PI\8609tuz-ulvoc-tb.pdf,08609TUZ-ULVOC,docs\Hentzen\SDS\08609TUZ-ULVOC.pdf,,,,,,,Hentzen,53039
FS 33446 (686A Tan),Type IX,docs\Hentzen\PI\8609tuz-b33 - tb.pdf,08609tuz-b33,docs\Hentzen\SDS\08609TUZ-B33.pdf,,,,,,,Hentzen,53039
FS 33531,Type IV,docs\Hentzen\PI\03813TUA-ULVOC.pdf,03813TUA-ULVOC,docs\Hentzen\SDS\03813TUA-ULVOC.pdf,,,,,,,Hentzen,53039
FS 33538 (Aircraft Yellow),Type IV,docs\Hentzen\PI\04098YUZ-ULVOC.pdf,04098YUZ-ULVOC,docs\Hentzen\SDS\04098YUZ-ULVOC.pdf,,,,,,,Hentzen,53039
FS 34031 (Aircraft Green),Type IX,docs\Hentzen\PI\8625guz-b33 - tb.doc,08625guz-b33,docs\Hentzen\SDS\08625GUZ-B33.pdf,,,,,,,Hentzen,53039
FS 34088 (Olive Drab),Type IX,docs\Hentzen\PI\08671GUZ-B33 tb.PDF,08671GUZ-B33,docs\Hentzen\SDS\08671GUZ-B33.pdf,,,,,,,Hentzen,53039
FS 34094 (383 Green),Type IV,docs\Hentzen\PI\8605guz-ulvoc - tb.pdf,08605GUZ-ULVOC,docs\Hentzen\SDS\08605GUZ-ULVOC.pdf,,,,,,,Hentzen,53039
FS 34094 (383 Green),Type IX,docs\Hentzen\PI\8605guz-b33 - tb.pdf,08605guz-b33,docs\Hentzen\SDS\08605GUZ-B33.pdf,,,,,,,Hentzen,53039
FS 34201 (Woodland Sage),Type IV,docs\Hentzen\PI\17798GUZ-ULVOC.pdf,17798GUZ-ULVOC,docs\Hentzen\SDS\17798GUZ-ULVOC.pdf,,,,,,,Hentzen,53039
FS 36231 (Aircraft Gray),Type IV,docs\Hentzen\PI\8624auz-ulvoc - tb.doc,08624AUZ-ULVOC,docs\Hentzen\SDS\08624AUZ-ULVOC.pdf,,,,,,,Hentzen,53039
FS 37030 (Black),Type IX,docs\Hentzen\PI\08610KUZ-B33.pdf,08610KUZ-B33,docs\Hentzen\SDS\08610KUZ-B33.pdf,,,,,,,Hentzen,53039
FS 37038 (Aircraft Black),Type IV,docs\Hentzen\PI\8628kuz-ulvoc - tb.doc,08628KUZ-ULVOC,docs\Hentzen\SDS\08628KUZ-ULVOC.pdf,,,,,,,Hentzen,53039
FS 37038 (Aircraft Black),Type IX,docs\Hentzen\PI\8628kuz-b33 - tb.pdf,08628KUZ-B33,docs\Hentzen\SDS\08628KUZ-B33.pdf,,,,,,,Hentzen,53039
FS 37875 (Aircraft White),Type IV,docs\Hentzen\PI\8620wua-ulvoc - tb.doc,08620wua-ulvoc,docs\Hentzen\SDS\08620WUA-ULVOC.pdf,,,,,,,Hentzen,53039
Israeli Tan,Type IX,docs\Hentzen\PI\08633TUA-B33.pdf,08633TUA-B33,docs\Hentzen\SDS\08633TUA-B33.pdf,,,,,,,Hentzen,53039
,,,,,,,,,,,,
Mil-DTL-64159 Type II available in the following colors:,,,,,,,,,,,,
FS 34094 (383 Green),,docs\Hentzen\PI\7131gwu 7170cmu - tb.doc,07131gwu,docs\Hentzen\SDS\07131GWU.pdf,07170CMU,docs\Hentzen\SDS\07170CMU.pdf,,,,,Hentzen,64159
FS 33446 (686 Tan),,docs\Hentzen\PI\7178twu 7170cmu - tb.doc,07178twu,docs\Hentzen\SDS\07178TWU.pdf,07170CMU,docs\Hentzen\SDS\07170CMU.pdf,,,,,Hentzen,64159
FS 37030 (Black),,docs\Hentzen\PI\7180kwu 7170 - tb.doc,07180kwu,docs\Hentzen\SDS\07180KWU.pdf,07170CMU,docs\Hentzen\SDS\07170CMU.pdf,,,,,Hentzen,64159
FS 37038 (Aircraft Black),,docs\Hentzen\PI\17101kwa 17102cmu - tb.doc,17101kwa,docs\Hentzen\SDS\17101KWA.pdf,17102CMU,docs\Hentzen\SDS\17102CMU.pdf,,,,,Hentzen,64159
FS 34031 (Aircraft Green),,docs\Hentzen\PI\16931gwu 16932cmu - tb.doc,16931gwu,docs\Hentzen\SDS\16931GWU.pdf,16932CMU,docs\Hentzen\SDS\16932CMU.pdf,,,,,Hentzen,64159
FS 34160 (Foliage Green),,docs\Hentzen\PI\18496gwu 7170cmu - tb.pdf,18496gwu,docs\Hentzen\SDS\18496GWU.pdf,07170CMU,docs\Hentzen\SDS\07170CMU.pdf,,,,,Hentzen,64159
,,,,,,,,,,,,
Mil-PRF-22750G Type II topcoat in the following colors: ,,,,,,,,,,,,
FS 11136,,docs\Hentzen\PI\16635ref-lvoc 16062ceh-lvoc - tb.doc,16635ref-lvoc,docs\Hentzen\SDS\16062CEH-LVOC.pdf,16062ceh-lvoc,docs\Hentzen\SDS\16062CEH-LVOC.pdf,,,,,Hentzen,22750
FS 16081,,docs\Deft\PI\01F Series Epoxy Topcoat.pdf,01-GY-089,docs\Deft\SDS\01GY089a.pdf,80-X-109,docs\Deft\SDS\80x109f.pdf,,,,,Deft,22750
FS 16440,,docs\Deft\PI\01F Series Epoxy Topcoat.pdf,01-GY-073,docs\Deft\SDS\01GY073a.pdf,80-X-109,docs\Deft\SDS\80x109f.pdf,,,,,Deft,22750
FS 16473,,docs\Deft\PI\01F Series Epoxy Topcoat.pdf,01-GY-100,docs\Deft\SDS\01gy100a.pdf,80-X-109,docs\Deft\SDS\80x109f.pdf,,,,,Deft,22750
FS 17038,,docs\Deft\PI\01F Series Epoxy Topcoat.pdf,01-BK-043,docs\Deft\SDS\01BK043F.pdf,80-X-109,docs\Deft\SDS\80x109f.pdf,,,,,Deft,22750
FS 17178,,docs\Deft\PI\01F Series Epoxy Topcoat.pdf,01-GY-093,docs\Deft\SDS\01gy093a.pdf,80-X-109,docs\Deft\SDS\80x109f.pdf,,,,,Deft,22750
FS 17178,,docs\AKZO\PI\422X Series.pdf,4222T17178,docs\AKZO\SDS\4222T17178.pdf,0200T129,docs\AKZO\SDS\0200T129.pdf,,,,,AkzoNobel,22750
FS 17875,,docs\Hentzen\PI\16627wef-lvoc 16062ceh-lvoc - tb.doc,16627wef-lvoc,docs\Hentzen\SDS\16627WEF-LVOC.pdf,16062ceh-lvoc,docs\Hentzen\SDS\16062CEH-LVOC.pdf,,,,,Hentzen,22750
FS 17925,,docs\Hentzen\PI\16087WEF-LVOC-16062CEH-LVOC.TB.doc,16087wef-lvoc,docs\Hentzen\SDS\16087WEF-LVOC.pdf,16062ceh-lvoc,docs\Hentzen\SDS\16062CEH-LVOC.pdf,,,,,Hentzen,22750
FS 24410,,docs\Hentzen\PI\16657gef-lvoc 16062ceh-lvoc - tb.doc,16657gef-lvoc,docs\Hentzen\SDS\16657GEF-LVOC.pdf,16062ceh-lvoc,docs\Hentzen\SDS\16062CEH-LVOC.pdf,,,,,Hentzen,22750
FS 24533,,docs\Hentzen\PI\16125gef-lvoc 16062ceh-lvoc - tb.doc,16125gef-lvoc,docs\Hentzen\SDS\16125GEF-LVOC.pdf,16062ceh-lvoc,docs\Hentzen\SDS\16062CEH-LVOC.pdf,,,,,Hentzen,22750
FS 26307,,docs\Hentzen\PI\16630aef-lvoc 16062ceh-lvoc - tb.doc,16630aef-lvoc,docs\Hentzen\SDS\16630AEF-LVOC.pdf,16062ceh-lvoc,docs\Hentzen\SDS\16062CEH-LVOC.pdf,,,,,Hentzen,22750
FS 27038,,docs\Hentzen\PI\16632kef-lvoc 16062ceh-lvoc - tb.doc,16632kef-lvoc,docs\Hentzen\SDS\16632KEF-LVOC.pdf,16062ceh-lvoc,docs\Hentzen\SDS\16062CEH-LVOC.pdf,,,,,Hentzen,22750
FS 27875,,docs\Hentzen\PI\16628wef-lvoc 16062ceh-lvoc - tb.doc,16628wef-lvoc,docs\Hentzen\SDS\16628WEF-LVOC.pdf,16062ceh-lvoc,docs\Hentzen\SDS\16062CEH-LVOC.pdf,,,,,Hentzen,22750
FS 36118,,docs\Hentzen\PI\16677aef-lvoc 16062ceh-lvoc - tb.doc,16677aef-lvoc,docs\Hentzen\SDS\16677AEF-LVOC.pdf,16062ceh-lvoc,docs\Hentzen\SDS\16062CEH-LVOC.pdf,,,,,Hentzen,22750
FS 36231,,docs\Hentzen\PI\16678aef-lvoc 16062ceh-lvoc - tb.doc,16678aef-lvoc,docs\Hentzen\SDS\16678AEF-LVOC.pdf,16062ceh-lvoc,docs\Hentzen\SDS\16062CEH-LVOC.pdf,,,,,Hentzen,22750
FS 36375,,docs\Deft\PI\01F Series Epoxy Topcoat.pdf,01-GY-082,docs\Deft\SDS\01gy082a.pdf,80-X-109,docs\Deft\SDS\80x109f.pdf,,,,,Deft,22750
FS 37038,,docs\Hentzen\PI\16633kef-lvoc 16062ceh-lvoc - tb.doc,16633kef-lvoc,docs\Hentzen\SDS\16633KEF-LVOC.pdf,16062ceh-lvoc,docs\Hentzen\SDS\16062CEH-LVOC.pdf,,,,,Hentzen,22750
Gloss Clear,,docs\Deft\PI\01F Series Epoxy Topcoat.pdf,01-X-060,docs\Deft\SDS\01X60.pdf,80-X-109,docs\Deft\SDS\80x109f.pdf,,,,,Deft,22750
,,,,,,,,,,,,
Mil-T-81772 thinners:,,,,,,,,,,,,
Type I,,docs\Deft\PI\IS-213.pdf,IS-213,docs\Deft\SDS\IS-213.pdf,,,,,,,Deft,81772
Type II,,docs\Deft\PI\IS-237.pdf,IS-237,docs\Deft\SDS\IS-237.pdf,,,,,,,Deft,81772
Type III,,docs\Misc\SDS\Type III Thinner.pdf,81772-3,docs\Misc\SDS\Type III Thinner.pdf,,,,,,,Miscellaneous,81772
,,,,,,,,,,,,
Aerospace primers to Mil-PRF-23377,,,,,,,,,,,,
"Type I, Class C1",,docs\Hentzen\PI\53012yep 16709ceh - tb.doc,53012YEP,docs\Hentzen\SDS\53012YEP.pdf,16709ceh,docs\Hentzen\SDS\16709CEH.pdf,,,,,Hentzen,23377
"Type I, Class C2",,docs\Hentzen\PI\ad9318FD ad2298FD - tb.doc,ad9318,docs\Hentzen\SDS\AD9318-FD.pdf,ad2298,docs\Hentzen\SDS\AD2298.pdf,,,,,Hentzen,23377
"Type I, Class N",,docs\Hentzen\PI\16708tep 16709ceh - tb.doc,16708tep,docs\Hentzen\SDS\16708TEP.pdf,16709ceh,docs\Hentzen\SDS\16709CEH.pdf,,,,,Hentzen,23377
"Type II, Class C2",,docs\Hentzen\PI\AD9325-FD MIL-PRF-23377 T2 CLS C2 TDS.doc,ad9325,docs\Hentzen\SDS\AD9325.pdf,ad2298,docs\Hentzen\SDS\AD2298.pdf,,,,,Hentzen,23377
"Type II, Class N",,docs\Hentzen\PI\17176kep 16709ceh - tb.doc,17176KEP,docs\Hentzen\SDS\17176KEP.pdf,16709ceh,docs\Hentzen\SDS\16709CEH.pdf,,,,,Hentzen,23377
10P20-13,,docs\AKZO\PI\10p20-13.pdf,10P20-13,docs\AKZO\SDS\10P20-13.pdf,EC-213,docs\AKZO\SDS\EC-213.pdf,,,,,AkzoNobel,23377
02-Y-024,,docs\Deft\PI\02Y024.pdf,02-Y-024,docs\Deft\SDS\02y024a.pdf,02Y024CAT,docs\Deft\SDS\02y024b.pdf,,,,,Deft,23377
02-Y-040A,,docs\Deft\PI\02Y040A_NEW.pdf,02Y040A,docs\Deft\SDS\02Y40A.pdf,02Y040ACAT,docs\Deft\SDS\02Y40ACAT.pdf,,,,,Deft,23377
02-GN-070A,,docs\Deft\PI\02GN070A_NEW.pdf,02-GN-070A,docs\Deft\SDS\02gn070a.pdf,02GN070ACAT,docs\Deft\SDS\02GN070ACAT.pdf,,,,,Deft,23377
02-GN-070B,,docs\Deft\PI\02GN070B_NEW.pdf,02-GN-070B,docs\Deft\SDS\02gn070b.pdf,02GN070BCAT,docs\Deft\SDS\02gn070bcat.pdf,,,,,Deft,23377
02-GN-084,,docs\Deft\PI\02GN084.pdf,02GN084,docs\Deft\SDS\02GN84.pdf,02GN084CAT,docs\Deft\SDS\02GN84CAT.pdf,,,,,Deft,23377
SPEEAY051A,,docs\PPG\PI\EEAY051.pdf,SPEEAY051A,docs\PPG\SDS\SPEEAY051A (EEAY051A).pdf,EEAY051B,docs\PPG\SDS\SPEEAY051A (EEAY051B).pdf,,,,,PPG,23377
,,,,,,,,,,,,
,,,,,,,,,,,,
CARC Primers Mil-P-53022 and Mil-P-53030B,,,,,,,,,,,,
53022 Ty II,,docs\Hentzen\PI\4488wep-4 4489ceh - tb.doc,04488wep,docs\Hentzen\SDS\04488WEP-4.pdf,04489ceh,docs\Hentzen\SDS\04489CEH-4.pdf,,,,,Hentzen,53022
53022 Ty III,,docs\Hentzen\PI\03848WEP-HFX-03849CEH-HFX-NO-TB.doc,03848WEP-HFX,docs\Hentzen\SDS\03848WEP-HFX.pdf,03849CEH-HFX,docs\Hentzen\SDS\03849CEH-HFX.pdf,,,,,Hentzen,53022
53022 Ty IV,,docs\Hentzen\PI\22167WEP-22170CEH-TB.pdf,22167WEP,docs\Hentzen\SDS\22167WEP.pdf,22170CEH,docs\Hentzen\SDS\22170CEH.pdf,,,,,Hentzen,53022
53030B Ty I,44-W-007,docs\Deft\PI\44W007_NEW.pdf,44W007,docs\Deft\SDS\44W007.pdf,44W007CAT,docs\Deft\SDS\44W007CAT.pdf,,,,,Deft,53030
,,,,,,,,,,,,
Wash Primers to Mil-C-8514C & DOD-P-15328D,,,,,,,,,,,,
8514C Wash Primer,,docs\Hentzen\PI\3174yvp-1 3175ssc - tb.doc,03174yvp,docs\Hentzen\SDS\03174YVP-1.pdf,03175ssc,docs\Hentzen\SDS\03175SSC.pdf,,,,,Hentzen,Wash Primer
DOD-P-15328D Wash Primer,,docs\Hentzen\PI\2110gvp 2111ssc - tb.doc,02110gvp,docs\Hentzen\SDS\02110GVP.pdf,02111ssc,docs\Hentzen\SDS\02111SSC.pdf,,,,,Hentzen,Wash Primer
,,,,,,,,,,,,
,,,,,,,,,,,,
Aerospace waterborne primers to the following military and commercial specs:,,,,,,,,,,,,
"44-GN-007 (Mil-PRF-85582, Type I, Class C1)",,docs\Deft\PI\44GN007_NEW.pdf,44GN007,docs\Deft\SDS\44GN007.pdf,44GN007CAT,docs\Deft\SDS\44GN007CAT.pdf,,,,,Deft,85582
"44-GN-008A (Mil-PRF-85582, Type II, Class C1)",,docs\Deft\PI\44GN008A.pdf,44GN008A,docs\Deft\SDS\44gn008a.pdf,44GN008ACAT,docs\Deft\SDS\44gn008ab.pdf,,,,,Deft,85582
"44-GN-011 (BMS 10-11AB, Type I, Class A, Grade E, BAC 452 Green)",,docs\Deft\PI\44GN011_NEW.pdf,44GN011,docs\Deft\SDS\44GN011.pdf,44GN011CAT,docs\Deft\SDS\44GN011CAT.pdf,,,,,Deft,
"44-GN-024 (Mil-PRF-85582, Type I, Class C2)",,docs\Deft\PI\44GN024_NEW.pdf,44GN024,docs\Deft\SDS\44GN024.pdf,44GN024CAT,docs\Deft\SDS\44GN024CAT.pdf,,,,,Deft,85582
"44-GN-036 (Mil-PRF-85582, Type I, Class C2)",,docs\Deft\PI\44GN036_NEW.pdf,44GN036,docs\Deft\SDS\44GN036.pdf,44GN036CAT,docs\Deft\SDS\44GN036CAT.pdf,,,,,Deft,85582
"44-GN-049 (Mil-PRF-85582, Type II, Class C2)",,docs\Deft\PI\44GN049_NEW.pdf,44GN049,docs\Deft\SDS\44GN049.pdf,44GN049CAT,docs\Deft\SDS\44GN049CAT.pdf,,,,,Deft,85582
"44-GN-054 (DMS 1786M, Comp D)",,docs\Deft\PI\44GN054_NEW.pdf,44GN054,docs\Deft\SDS\44GN054.pdf,44GN054CAT,docs\Deft\SDS\44GN054CAT.pdf,,,,,Deft,
"44-GN-060 (STMG L753 Rev C, Class C/BMS 10-11, Type I, Class A, Grade E)",,docs\Deft\PI\44GN060_NEW.pdf,44GN060,docs\Deft\SDS\44GN060.pdf,44GN060CAT,docs\Deft\SDS\44GN060CAT.pdf,,,,,Deft,
"44-GN-072 (Mil-PRF-85582, Type I, Class C2/MMS 423)",,docs\Deft\PI\44GN072_NEW.pdf,44GN072,docs\Deft\SDS\44GN072.pdf,44GN072CAT,docs\Deft\SDS\44GN072CAT.pdf,,,,,Deft,85582
"44-GN-098 (Mil-PRF-85582, Type I, Class N/LMA-MR003E, Class 2, Type II, Grade A)",,docs\Deft\PI\44GN098_NEW.pdf,44GN098,docs\Deft\SDS\44GN098.pdf,44GN098CAT,docs\Deft\SDS\44GN098CAT.pdf,,,,,Deft,85582
"44-Y-022 (BMS 10-11AC, Type I, Class A, Grade E, Color Yellow)",,docs\Deft\PI\44Y022.pdf,44Y022,docs\Deft\SDS\44Y022.pdf,44Y022CAT,docs\Deft\SDS\44Y022CAT.pdf,,,,,Deft,
"45-GY-5 (BMS 10-103D, Type I, Grade E)",,docs\Deft\PI\45GY005.pdf,45GY005,docs\Deft\SDS\45GY005.pdf,45GY005CAT,docs\Deft\SDS\45GY005CAT.pdf,,,,,Deft,
"10PW20-4 (Mil-PRF-85582E, Type I, Class C2)",,docs\AKZO\PI\10pw20-4.pdf,10PW20-4,docs\AKZO\SDS\10PW20-4.pdf,ECW-104,docs\AKZO\SDS\ECW-104.pdf,,,,,AkzoNobel,85582
,,,,,,,,,,,,
Commercial and General Aviation Aerospace Products,,,,,,,,,,,,
"10P4-2NF, Fluid Resistant Epoxy Primer, Nytal Free, BAC 452 Green to Boeing Spec BMS 10-11, Type I, Class A, Grade A",,docs\AKZO\PI\10p4-2NF.pdf,10P4-2NF,docs\AKZO\SDS\10P4-2.pdf,EC-117S,docs\AKZO\SDS\EC-117S.pdf,,,,,AkzoNobel,
"10P4-3NF, Fluid Resistant Epoxy Primer, Nytal Free, BAC 377 Yellow to Boeing Spec BMS 10-11, Type I, Class A, Grade A",,docs\AKZO\PI\10p4-3NF.pdf,10P4-3NF,docs\AKZO\SDS\10P4_3NF.pdf,EC-117,docs\AKZO\SDS\EC_117.pdf,,,,,AkzoNobel,
"10P8-10NF, Fluid Resistant Epoxy Primer, Nytal Free, BAC 452 Green to Boeing Spec BMS 10-11, Type I, Class A, Grade B",,docs\AKZO\PI\10p8-10nf.pdf,10P8-10NF,docs\AKZO\SDS\10P8-10.pdf,EC-283,docs\AKZO\SDS\EC-283.pdf,,,,,AkzoNobel,
"446-22-1000, BAC 702 Gloss White, High Solids Epoxy Topcoat to Boeing Spec BMS 10-11AB, Type II, Class B, Grade D",,docs\AKZO\PI\22-23 Series.pdf,446-22-1000,docs\AKZO\SDS\446-22-1000.pdf,X-530,docs\AKZO\SDS\X-530.pdf,,,,,AkzoNobel,
"446-22-2000, BAC 707 Gloss Gray, High Solids Epoxy Topcoat to Boeing Spec BMS 10-11AB, Type II, Class B, Grade D",,docs\AKZO\PI\22-23 Series.pdf,446-22-2000,docs\AKZO\SDS\446-22-2000.pdf,X-530,docs\AKZO\SDS\X-530.pdf,,,,,AkzoNobel,
"683-3-2, Clear Polyurethane Coating_BAC 5710, Type 41",,docs\AKZO\PI\683-3 Series.pdf,683-3-2,docs\AKZO\SDS\683-3-2.pdf,X-310A,docs\AKZO\SDS\X-310A.pdf,,,,,AkzoNobel,
"683-3-20, Clear Polyurethane Coating_BAC 5710, Type 41",,docs\AKZO\PI\683-3 Series.pdf,683-3-20,docs\AKZO\SDS\683-3-20.pdf,X-310A,docs\AKZO\SDS\X-310A.pdf,,,,,AkzoNobel,
"454-4-1, Integral Fuel Tank Coating, BMS 10-20, TY II, Cl A, Gr A",,docs\AKZO\PI\454-4.pdf,454-4-1,docs\AKZO\SDS\454-4-1.pdf,CA-109,docs\AKZO\SDS\CA-109.pdf,,,,,AkzoNobel,
"463-6-4, High Temperature Epoxy Coating to Boeing spec BAC 5755, Type 10",,docs\AKZO\PI\463-6-4.pdf,463-6-4,docs\AKZO\SDS\463-6-4.pdf,X-306,docs\AKZO\SDS\X-306.pdf,,,,,AkzoNobel,
"463-12-8, Fluid Resistant Epoxy Primer to spec DMS 1786, Type I, Comp A",,docs\AKZO\PI\463-12-8.pdf,463-12-8,docs\AKZO\SDS\463-12-8.pdf,CA-116,docs\AKZO\SDS\CA-116.pdf,,,,,AkzoNobel,
"467-9, Composite Filler Putty, to spec_DPM 5765.",,docs\AKZO\PI\467-9.pdf,467-9,docs\AKZO\SDS\467-9.pdf,CA-41B,docs\AKZO\SDS\CA-41B.pdf,,,,,AkzoNobel,
"10P8-11, High Solids General Aviation Primer to Cessna spec CMFS035",,docs\AKZO\PI\10P8-11.pdf,10P8-11,docs\AKZO\SDS\10P8-11.pdf,EC-286,docs\AKZO\MSDS Sheets\EC-286.PDF,,,,,AkzoNobel,
"10P30-5, Corrosion Resistant Epoxy Primer to Cessna Spec CMFS029, Type II/GMS 5005, Type I",,docs\AKZO\PI\10P30-5.pdf,10P30-5,docs\AKZO\SDS\10P30-5.pdf,EC-275,docs\AKZO\SDS\EC-275.pdf,TR-115,docs\AKZO\SDS\TR-115.pdf,,,AkzoNobel,
"10P30-8, High Solids General Aviation Sanding Surfacer to Cessna Spec CMFS039",,docs\AKZO\PI\10p30-8.pdf,10P30-8,docs\AKZO\SDS\10P30-8.pdf,EC-284,docs\AKZO\SDS\EC-284.pdf,,,,,AkzoNobel,
"23T3-10, High Solids Teflon Coating to_Boeing Spec BMS 10-86, Type I, BAC 700",,docs\AKZO\PI\23T3 Series.pdf,23T3-10,docs\AKZO\SDS\23T3-10.pdf,PC-216,docs\AKZO\SDS\PC-216.pdf,,,,,AkzoNobel,
"23T3-105, High Solids Teflon Coating to_Boeing Spec BMS 10-86, Type I,  BAC 707",,docs\AKZO\PI\23T3 Series.pdf,23T3-105,docs\AKZO\SDS\23T3-105.pdf,PC-216,docs\AKZO\SDS\PC-216.pdf,,,,,AkzoNobel,
"23T3-106, High Solids Teflon Coating to_Boeing Spec BMS 10-86, Type I, DN 3635 ",,docs\AKZO\PI\23T3 Series.pdf,23T3-106,docs\AKZO\SDS\23T3-106.pdf,PC-216,docs\AKZO\SDS\PC-216.pdf,,,,,AkzoNobel,
"10P2-3, Anti-Static Conductive Flat Black Epoxy Coating to Boeing Spec BMS 10-21, Type III",,docs\AKZO\PI\10p2-3.pdf,10P2-3,docs\AKZO\SDS\10P2-3.pdf,EC-110,docs\AKZO\SDS\EC-110.pdf,,,,,AkzoNobel,
"10P20-44, BMS 10-79 Type II & III, Class B, Grade D",,docs\AKZO\PI\10P20-44.pdf,10P20-44,docs\AKZO\SDS\10P20-44.pdf,EC-265,docs\AKZO\SDS\EC-265.pdf,TR-114,docs\AKZO\SDS\TR-114.pdf,,,AkzoNobel,
"10P20-44MNF, BMS 10-72 Type IX",,docs\AKZO\PI\10P20-44mnf.pdf,10P20-44MNF,docs\AKZO\SDS\10P20_44MNF.pdf,EC-291B,docs\AKZO\SDS\EC_291B.pdf,TR-114,docs\AKZO\SDS\TR-114.pdf,,,AkzoNobel,
"01-W-074 (Gulfstream GMS 5006C, Type I, FS Color 17925)",,docs\Deft\PI\01W074_NEW.pdf,01-W-074 ,docs\Deft\SDS\01W74.pdf,80-X-104A,docs\Deft\SDS\80X104A.pdf,,,,,Deft,
"01-R-051 (Gulfstream GMS 5006C, Type I, FS Color 11136)",,docs\Deft\PI\01R051_NEW.pdf,01-R-051,docs\Deft\SDS\01R051a.pdf,80-X-104A,docs\Deft\SDS\80X104A.pdf,,,,,Deft,
"01-BK-038 (Gulfstream GMS 5006C, Type I, FS Color 27038)",,docs\Deft\PI\01BK038_NEW.pdf,01-BK-038,docs\Deft\SDS\01BK038a.pdf,80-X-104A,docs\Deft\SDS\80X104A.pdf,,,,,Deft,
"515X349, BMS 10-79, Type III, Class A, Grade A.  Conventional Solids Epoxy Primer",,docs\PPG\PI\515X349.pdf,515X349,docs\PPG\SDS\515X349.pdf,910X533,docs\PPG\SDS\910X533.pdf,,,,,PPG,
"823-707, AMS-C-27725, Type II",,docs\PPG\PI\823-707 TB.pdf,823-707,docs\PPG\SDS\823-707.pdf,910-702,docs\PPG\SDS\910-702.pdf,020-707,docs\PPG\SDS\020-707.pdf,,,PPG,
"SPC-909, SEA to SKY, Neutral Paint Stripper to Boeing Spec D6-17487.",,docs\Misc\PI\TDS - SPC 909.pdf,SPC-909,docs\Misc\SDS\MSDS - SPC-909.pdf,,,,,,,Miscellaneous,
"TT-P-1757B Type I, Class C, Zinc Chromate Primer, Yellow",,docs\Misc\PI\1757B PI sheet.pdf,TT-P-1757,docs\Misc\SDS\Spectrum Yellow.pdf,,,,,,,Miscellaneous,
"TT-P-1757B Type I, Class C, Zinc Chromate Primer, Green",,docs\Misc\PI\1757B PI sheet.pdf,TT-P-1757,docs\Misc\SDS\TTP1757 Green.pdf,,,,,,,Miscellaneous,
"833K086/930K088, AMS-C-27725, Type I, Fuel Tank Coating",,docs\PPG\PI\833K086.pdf,833K086,docs\PPG\SDS\833K086.pdf,930K088,docs\PPG\SDS\930K088.pdf,,,,,PPG,
"825-009, BAC 5710, Ty 51/BAMS 565-013.",,docs\PPG\PI\825-009.pdf,825-009,docs\PPG\SDS\825-009.pdf,910-175,docs\PPG\SDS\910-175.pdf,020-044,docs\PPG\SDS\020-044.pdf,,,PPG,
"823-011/910-099/020-037, Mil-C-27725, Type II, Fuel Tank Coating.",,docs\PPG\PI\823-011.pdf,823-011,docs\PPG\SDS\823-011.pdf,910-099,docs\PPG\SDS\910-099.pdf,020-037,docs\PPG\SDS\020-037.pdf,,,PPG,
"512X310/910X533, Urethane Compatible Chrome-Free Epoxy Gray Primer, BMS 10-103, Type I, Grade A.",,docs\PPG\PI\512X310.pdf,512X310,docs\PPG\SDS\512X310.pdf,910X533,docs\PPG\SDS\910X533.pdf,,,,,PPG,
"515X333/910X350, GMS 5001/GM 5002A.",,docs\PPG\PI\515X333.pdf,515X333,docs\PPG\SDS\515X333.pdf,910X350,docs\PPG\SDS\910X350.pdf,,,,,PPG,
"515X346, BAC 5710 Rev V, Ty 102/BAC 5710, Rev N, Ty 60.  Epoxy Polyamide Corrosion Preventative Bonding Primer. ",,docs\PPG\PI\515X336.pdf,515X346,docs\PPG\SDS\515X336.pdf,910X520,docs\PPG\SDS\910X520.pdf,020-702,docs\PPG\SDS\020-702.pdf,,,PPG,
"515X408/910X937, 2 gallon kit.  Super Koropon Fluid Resistant Primer.  LMA-MR058/5PTMRG58",,docs\PPG\PI\515X408.pdf,515X408,docs\PPG\SDS\515X408.pdf,910X937,docs\PPG\SDS\910X350.pdf,,,,,PPG,
"515-700/910-704, STM0685-01, Green Primer  ",,docs\PPG\PI\515-700.pdf,515-700,docs\PPG\SDS\515-700.pdf,910-704,docs\PPG\SDS\910-704.pdf,,,,,PPG,
"519X303/910X357/020X324, 299-947-167/MMS-425B.  High Temperature Epoxy Primer",,docs\PPG\PI\519X303.pdf,519X303,docs\PPG\SDS\519X303.pdf,910X357,docs\PPG\SDS\910X357.pdf,020X324,docs\PPG\SDS\020X324.pdf,,,PPG,
"528X310/910X464, BMS 10-21, Type III.  Black Conductive Coating.  ",,docs\PPG\PI\528X310.pdf,528X310,docs\PPG\SDS\528X310.pdf,910X464,docs\PPG\SDS\910X464.pdf,,,,,PPG,
"20P1-21/PC-235, HS Integral Fuel Tank Coating, DHMS C4.06, Type I, Class A, Grade B and F/BAMS 565-010",,docs\AKZO\PI\20p1-21.pdf,20P1-21,docs\AKZO\SDS\20P1_21.pdf,PC-235,docs\AKZO\SDS\PC-235.pdf,,,,,AkzoNobel,
"20P20-3/PC-232, Sandable Polyurethane Surfacer",,docs\AKZO\PI\20p20-3.pdf,20P20-3,docs\AKZO\SDS\20P20-3.pdf,PC-232,docs\AKZO\SDS\PC-232.pdf,,,,,AkzoNobel,
"24F20-101 VOC Compliant Polyurethane Topcoat, BMS 10-60V Type I & II, Class B, Grade D, BAC 707 Gray",,docs\AKZO\PI\24F20-101.pdf,24F20-101,docs\AKZO\SDS\24F20-101.pdf,PC-226,docs\AKZO\SDS\PC-226.pdf,,,,,AkzoNobel,
"28C1 Composite Pinhole Filler, 1 Gallon Unit.  BAC 5837/299-947-144",,docs\AKZO\PI\28c1.pdf,28C1,docs\AKZO\SDS\28C1.pdf,,,,,,,AkzoNobel,
